Track 1_x,Track 1_y,Track 1_z
NaN,NaN,NaN
NaN,NaN,NaN
NaN,NaN,NaN
NaN,NaN,NaN
NaN,NaN,NaN
NaN,NaN,NaN
NaN,NaN,NaN
NaN,NaN,NaN
NaN,NaN,NaN
NaN,NaN,NaN
NaN,NaN,NaN
NaN,NaN,NaN
NaN,NaN,NaN
NaN,NaN,NaN
NaN,NaN,NaN
NaN,NaN,NaN
NaN,NaN,NaN
NaN,NaN,NaN
NaN,NaN,NaN
NaN,NaN,NaN
NaN,NaN,NaN
NaN,NaN,NaN
NaN,NaN,NaN
NaN,NaN,NaN
NaN,NaN,NaN
NaN,NaN,NaN
NaN,NaN,NaN
NaN,NaN,NaN
NaN,NaN,NaN
NaN,NaN,NaN
NaN,NaN,NaN
NaN,NaN,NaN
NaN,NaN,NaN
NaN,NaN,NaN
NaN,NaN,NaN
NaN,NaN,NaN
NaN,NaN,NaN
NaN,NaN,NaN
NaN,NaN,NaN
NaN,NaN,NaN
NaN,NaN,NaN
NaN,NaN,NaN
NaN,NaN,NaN
NaN,NaN,NaN
NaN,NaN,NaN
NaN,NaN,NaN
NaN,NaN,NaN
NaN,NaN,NaN
NaN,NaN,NaN
NaN,NaN,NaN
NaN,NaN,NaN
NaN,NaN,NaN
NaN,NaN,NaN
NaN,NaN,NaN
NaN,NaN,NaN
NaN,NaN,NaN
NaN,NaN,NaN
NaN,NaN,NaN
NaN,NaN,NaN
NaN,NaN,NaN
NaN,NaN,NaN
NaN,NaN,NaN
NaN,NaN,NaN
NaN,NaN,NaN
NaN,NaN,NaN
NaN,NaN,NaN
NaN,NaN,NaN
NaN,NaN,NaN
NaN,NaN,NaN
NaN,NaN,NaN
NaN,NaN,NaN
NaN,NaN,NaN
NaN,NaN,NaN
NaN,NaN,NaN
NaN,NaN,NaN
NaN,NaN,NaN
NaN,NaN,NaN
NaN,NaN,NaN
NaN,NaN,NaN
NaN,NaN,NaN
NaN,NaN,NaN
NaN,NaN,NaN
NaN,NaN,NaN
NaN,NaN,NaN
NaN,NaN,NaN
NaN,NaN,NaN
NaN,NaN,NaN
NaN,NaN,NaN
NaN,NaN,NaN
NaN,NaN,NaN
NaN,NaN,NaN
NaN,NaN,NaN
NaN,NaN,NaN
NaN,NaN,NaN
NaN,NaN,NaN
NaN,NaN,NaN
NaN,NaN,NaN
NaN,NaN,NaN
NaN,NaN,NaN
NaN,NaN,NaN
NaN,NaN,NaN
NaN,NaN,NaN
NaN,NaN,NaN
NaN,NaN,NaN
NaN,NaN,NaN
NaN,NaN,NaN
NaN,NaN,NaN
NaN,NaN,NaN
NaN,NaN,NaN
NaN,NaN,NaN
NaN,NaN,NaN
NaN,NaN,NaN
NaN,NaN,NaN
NaN,NaN,NaN
NaN,NaN,NaN
NaN,NaN,NaN
NaN,NaN,NaN
NaN,NaN,NaN
NaN,NaN,NaN
NaN,NaN,NaN
NaN,NaN,NaN
NaN,NaN,NaN
NaN,NaN,NaN
NaN,NaN,NaN
NaN,NaN,NaN
NaN,NaN,NaN
NaN,NaN,NaN
NaN,NaN,NaN
NaN,NaN,NaN
NaN,NaN,NaN
NaN,NaN,NaN
NaN,NaN,NaN
NaN,NaN,NaN
NaN,NaN,NaN
NaN,NaN,NaN
NaN,NaN,NaN
NaN,NaN,NaN
NaN,NaN,NaN
NaN,NaN,NaN
NaN,NaN,NaN
NaN,NaN,NaN
NaN,NaN,NaN
NaN,NaN,NaN
NaN,NaN,NaN
NaN,NaN,NaN
NaN,NaN,NaN
NaN,NaN,NaN
NaN,NaN,NaN
NaN,NaN,NaN
NaN,NaN,NaN
NaN,NaN,NaN
NaN,NaN,NaN
NaN,NaN,NaN
NaN,NaN,NaN
NaN,NaN,NaN
NaN,NaN,NaN
NaN,NaN,NaN
NaN,NaN,NaN
NaN,NaN,NaN
NaN,NaN,NaN
NaN,NaN,NaN
NaN,NaN,NaN
NaN,NaN,NaN
NaN,NaN,NaN
NaN,NaN,NaN
NaN,NaN,NaN
NaN,NaN,NaN
NaN,NaN,NaN
NaN,NaN,NaN
NaN,NaN,NaN
NaN,NaN,NaN
NaN,NaN,NaN
NaN,NaN,NaN
NaN,NaN,NaN
NaN,NaN,NaN
NaN,NaN,NaN
NaN,NaN,NaN
NaN,NaN,NaN
NaN,NaN,NaN
NaN,NaN,NaN
NaN,NaN,NaN
NaN,NaN,NaN
NaN,NaN,NaN
NaN,NaN,NaN
NaN,NaN,NaN
NaN,NaN,NaN
NaN,NaN,NaN
NaN,NaN,NaN
NaN,NaN,NaN
NaN,NaN,NaN
NaN,NaN,NaN
NaN,NaN,NaN
NaN,NaN,NaN
NaN,NaN,NaN
NaN,NaN,NaN
NaN,NaN,NaN
NaN,NaN,NaN
NaN,NaN,NaN
NaN,NaN,NaN
NaN,NaN,NaN
NaN,NaN,NaN
NaN,NaN,NaN
NaN,NaN,NaN
NaN,NaN,NaN
NaN,NaN,NaN
NaN,NaN,NaN
NaN,NaN,NaN
NaN,NaN,NaN
NaN,NaN,NaN
NaN,NaN,NaN
NaN,NaN,NaN
NaN,NaN,NaN
NaN,NaN,NaN
NaN,NaN,NaN
NaN,NaN,NaN
NaN,NaN,NaN
NaN,NaN,NaN
NaN,NaN,NaN
NaN,NaN,NaN
NaN,NaN,NaN
NaN,NaN,NaN
NaN,NaN,NaN
NaN,NaN,NaN
NaN,NaN,NaN
NaN,NaN,NaN
NaN,NaN,NaN
NaN,NaN,NaN
NaN,NaN,NaN
NaN,NaN,NaN
NaN,NaN,NaN
NaN,NaN,NaN
NaN,NaN,NaN
NaN,NaN,NaN
NaN,NaN,NaN
NaN,NaN,NaN
NaN,NaN,NaN
NaN,NaN,NaN
NaN,NaN,NaN
NaN,NaN,NaN
NaN,NaN,NaN
NaN,NaN,NaN
NaN,NaN,NaN
NaN,NaN,NaN
NaN,NaN,NaN
NaN,NaN,NaN
NaN,NaN,NaN
NaN,NaN,NaN
NaN,NaN,NaN
NaN,NaN,NaN
NaN,NaN,NaN
NaN,NaN,NaN
NaN,NaN,NaN
NaN,NaN,NaN
NaN,NaN,NaN
NaN,NaN,NaN
NaN,NaN,NaN
NaN,NaN,NaN
NaN,NaN,NaN
NaN,NaN,NaN
NaN,NaN,NaN
NaN,NaN,NaN
NaN,NaN,NaN
NaN,NaN,NaN
NaN,NaN,NaN
NaN,NaN,NaN
NaN,NaN,NaN
NaN,NaN,NaN
NaN,NaN,NaN
NaN,NaN,NaN
NaN,NaN,NaN
NaN,NaN,NaN
NaN,NaN,NaN
NaN,NaN,NaN
NaN,NaN,NaN
NaN,NaN,NaN
NaN,NaN,NaN
NaN,NaN,NaN
NaN,NaN,NaN
NaN,NaN,NaN
NaN,NaN,NaN
NaN,NaN,NaN
NaN,NaN,NaN
NaN,NaN,NaN
NaN,NaN,NaN
NaN,NaN,NaN
NaN,NaN,NaN
NaN,NaN,NaN
NaN,NaN,NaN
NaN,NaN,NaN
NaN,NaN,NaN
NaN,NaN,NaN
NaN,NaN,NaN
NaN,NaN,NaN
NaN,NaN,NaN
NaN,NaN,NaN
NaN,NaN,NaN
NaN,NaN,NaN
NaN,NaN,NaN
NaN,NaN,NaN
NaN,NaN,NaN
NaN,NaN,NaN
NaN,NaN,NaN
NaN,NaN,NaN
NaN,NaN,NaN
NaN,NaN,NaN
NaN,NaN,NaN
NaN,NaN,NaN
NaN,NaN,NaN
NaN,NaN,NaN
NaN,NaN,NaN
NaN,NaN,NaN
NaN,NaN,NaN
NaN,NaN,NaN
NaN,NaN,NaN
NaN,NaN,NaN
NaN,NaN,NaN
NaN,NaN,NaN
NaN,NaN,NaN
NaN,NaN,NaN
NaN,NaN,NaN
NaN,NaN,NaN
NaN,NaN,NaN
NaN,NaN,NaN
NaN,NaN,NaN
NaN,NaN,NaN
NaN,NaN,NaN
NaN,NaN,NaN
NaN,NaN,NaN
NaN,NaN,NaN
NaN,NaN,NaN
NaN,NaN,NaN
NaN,NaN,NaN
NaN,NaN,NaN
NaN,NaN,NaN
NaN,NaN,NaN
NaN,NaN,NaN
NaN,NaN,NaN
NaN,NaN,NaN
NaN,NaN,NaN
NaN,NaN,NaN
NaN,NaN,NaN
NaN,NaN,NaN
NaN,NaN,NaN
NaN,NaN,NaN
NaN,NaN,NaN
NaN,NaN,NaN
NaN,NaN,NaN
NaN,NaN,NaN
NaN,NaN,NaN
NaN,NaN,NaN
NaN,NaN,NaN
NaN,NaN,NaN
NaN,NaN,NaN
NaN,NaN,NaN
NaN,NaN,NaN
NaN,NaN,NaN
NaN,NaN,NaN
NaN,NaN,NaN
NaN,NaN,NaN
NaN,NaN,NaN
NaN,NaN,NaN
NaN,NaN,NaN
NaN,NaN,NaN
NaN,NaN,NaN
NaN,NaN,NaN
NaN,NaN,NaN
NaN,NaN,NaN
NaN,NaN,NaN
NaN,NaN,NaN
NaN,NaN,NaN
NaN,NaN,NaN
NaN,NaN,NaN
NaN,NaN,NaN
NaN,NaN,NaN
NaN,NaN,NaN
NaN,NaN,NaN
NaN,NaN,NaN
NaN,NaN,NaN
NaN,NaN,NaN
NaN,NaN,NaN
NaN,NaN,NaN
NaN,NaN,NaN
NaN,NaN,NaN
NaN,NaN,NaN
NaN,NaN,NaN
NaN,NaN,NaN
NaN,NaN,NaN
NaN,NaN,NaN
NaN,NaN,NaN
NaN,NaN,NaN
NaN,NaN,NaN
NaN,NaN,NaN
NaN,NaN,NaN
NaN,NaN,NaN
NaN,NaN,NaN
NaN,NaN,NaN
NaN,NaN,NaN
NaN,NaN,NaN
NaN,NaN,NaN
NaN,NaN,NaN
NaN,NaN,NaN
NaN,NaN,NaN
NaN,NaN,NaN
NaN,NaN,NaN
NaN,NaN,NaN
NaN,NaN,NaN
NaN,NaN,NaN
NaN,NaN,NaN
NaN,NaN,NaN
NaN,NaN,NaN
NaN,NaN,NaN
NaN,NaN,NaN
NaN,NaN,NaN
NaN,NaN,NaN
NaN,NaN,NaN
NaN,NaN,NaN
NaN,NaN,NaN
NaN,NaN,NaN
NaN,NaN,NaN
NaN,NaN,NaN
NaN,NaN,NaN
NaN,NaN,NaN
NaN,NaN,NaN
NaN,NaN,NaN
NaN,NaN,NaN
NaN,NaN,NaN
NaN,NaN,NaN
NaN,NaN,NaN
NaN,NaN,NaN
NaN,NaN,NaN
NaN,NaN,NaN
NaN,NaN,NaN
NaN,NaN,NaN
NaN,NaN,NaN
NaN,NaN,NaN
NaN,NaN,NaN
NaN,NaN,NaN
NaN,NaN,NaN
NaN,NaN,NaN
NaN,NaN,NaN
NaN,NaN,NaN
NaN,NaN,NaN
NaN,NaN,NaN
NaN,NaN,NaN
NaN,NaN,NaN
NaN,NaN,NaN
NaN,NaN,NaN
NaN,NaN,NaN
NaN,NaN,NaN
NaN,NaN,NaN
NaN,NaN,NaN
NaN,NaN,NaN
NaN,NaN,NaN
NaN,NaN,NaN
NaN,NaN,NaN
NaN,NaN,NaN
NaN,NaN,NaN
NaN,NaN,NaN
NaN,NaN,NaN
NaN,NaN,NaN
NaN,NaN,NaN
NaN,NaN,NaN
NaN,NaN,NaN
NaN,NaN,NaN
NaN,NaN,NaN
NaN,NaN,NaN
NaN,NaN,NaN
NaN,NaN,NaN
NaN,NaN,NaN
NaN,NaN,NaN
NaN,NaN,NaN
NaN,NaN,NaN
NaN,NaN,NaN
NaN,NaN,NaN
NaN,NaN,NaN
NaN,NaN,NaN
NaN,NaN,NaN
NaN,NaN,NaN
NaN,NaN,NaN
NaN,NaN,NaN
NaN,NaN,NaN
NaN,NaN,NaN
NaN,NaN,NaN
NaN,NaN,NaN
NaN,NaN,NaN
NaN,NaN,NaN
NaN,NaN,NaN
NaN,NaN,NaN
NaN,NaN,NaN
NaN,NaN,NaN
NaN,NaN,NaN
NaN,NaN,NaN
NaN,NaN,NaN
NaN,NaN,NaN
NaN,NaN,NaN
NaN,NaN,NaN
NaN,NaN,NaN
NaN,NaN,NaN
NaN,NaN,NaN
NaN,NaN,NaN
NaN,NaN,NaN
NaN,NaN,NaN
NaN,NaN,NaN
NaN,NaN,NaN
NaN,NaN,NaN
NaN,NaN,NaN
NaN,NaN,NaN
NaN,NaN,NaN
NaN,NaN,NaN
NaN,NaN,NaN
NaN,NaN,NaN
NaN,NaN,NaN
NaN,NaN,NaN
NaN,NaN,NaN
NaN,NaN,NaN
NaN,NaN,NaN
NaN,NaN,NaN
NaN,NaN,NaN
NaN,NaN,NaN
NaN,NaN,NaN
NaN,NaN,NaN
NaN,NaN,NaN
NaN,NaN,NaN
NaN,NaN,NaN
NaN,NaN,NaN
NaN,NaN,NaN
NaN,NaN,NaN
NaN,NaN,NaN
NaN,NaN,NaN
NaN,NaN,NaN
NaN,NaN,NaN
NaN,NaN,NaN
NaN,NaN,NaN
NaN,NaN,NaN
NaN,NaN,NaN
NaN,NaN,NaN
NaN,NaN,NaN
NaN,NaN,NaN
NaN,NaN,NaN
NaN,NaN,NaN
NaN,NaN,NaN
NaN,NaN,NaN
NaN,NaN,NaN
NaN,NaN,NaN
NaN,NaN,NaN
NaN,NaN,NaN
NaN,NaN,NaN
NaN,NaN,NaN
NaN,NaN,NaN
NaN,NaN,NaN
NaN,NaN,NaN
NaN,NaN,NaN
NaN,NaN,NaN
NaN,NaN,NaN
NaN,NaN,NaN
NaN,NaN,NaN
NaN,NaN,NaN
NaN,NaN,NaN
NaN,NaN,NaN
NaN,NaN,NaN
NaN,NaN,NaN
NaN,NaN,NaN
NaN,NaN,NaN
NaN,NaN,NaN
NaN,NaN,NaN
NaN,NaN,NaN
NaN,NaN,NaN
NaN,NaN,NaN
NaN,NaN,NaN
NaN,NaN,NaN
NaN,NaN,NaN
NaN,NaN,NaN
NaN,NaN,NaN
NaN,NaN,NaN
NaN,NaN,NaN
NaN,NaN,NaN
NaN,NaN,NaN
NaN,NaN,NaN
NaN,NaN,NaN
NaN,NaN,NaN
NaN,NaN,NaN
NaN,NaN,NaN
NaN,NaN,NaN
NaN,NaN,NaN
NaN,NaN,NaN
NaN,NaN,NaN
NaN,NaN,NaN
NaN,NaN,NaN
NaN,NaN,NaN
NaN,NaN,NaN
NaN,NaN,NaN
NaN,NaN,NaN
NaN,NaN,NaN
NaN,NaN,NaN
NaN,NaN,NaN
NaN,NaN,NaN
NaN,NaN,NaN
NaN,NaN,NaN
NaN,NaN,NaN
NaN,NaN,NaN
NaN,NaN,NaN
NaN,NaN,NaN
NaN,NaN,NaN
NaN,NaN,NaN
NaN,NaN,NaN
NaN,NaN,NaN
NaN,NaN,NaN
NaN,NaN,NaN
NaN,NaN,NaN
NaN,NaN,NaN
NaN,NaN,NaN
NaN,NaN,NaN
NaN,NaN,NaN
NaN,NaN,NaN
NaN,NaN,NaN
NaN,NaN,NaN
NaN,NaN,NaN
NaN,NaN,NaN
NaN,NaN,NaN
NaN,NaN,NaN
NaN,NaN,NaN
NaN,NaN,NaN
NaN,NaN,NaN
NaN,NaN,NaN
NaN,NaN,NaN
NaN,NaN,NaN
NaN,NaN,NaN
NaN,NaN,NaN
NaN,NaN,NaN
NaN,NaN,NaN
NaN,NaN,NaN
NaN,NaN,NaN
NaN,NaN,NaN
NaN,NaN,NaN
NaN,NaN,NaN
NaN,NaN,NaN
NaN,NaN,NaN
NaN,NaN,NaN
NaN,NaN,NaN
NaN,NaN,NaN
NaN,NaN,NaN
NaN,NaN,NaN
NaN,NaN,NaN
NaN,NaN,NaN
NaN,NaN,NaN
NaN,NaN,NaN
NaN,NaN,NaN
NaN,NaN,NaN
NaN,NaN,NaN
NaN,NaN,NaN
NaN,NaN,NaN
NaN,NaN,NaN
NaN,NaN,NaN
NaN,NaN,NaN
NaN,NaN,NaN
NaN,NaN,NaN
NaN,NaN,NaN
NaN,NaN,NaN
NaN,NaN,NaN
NaN,NaN,NaN
NaN,NaN,NaN
NaN,NaN,NaN
NaN,NaN,NaN
NaN,NaN,NaN
NaN,NaN,NaN
NaN,NaN,NaN
NaN,NaN,NaN
NaN,NaN,NaN
NaN,NaN,NaN
NaN,NaN,NaN
NaN,NaN,NaN
NaN,NaN,NaN
NaN,NaN,NaN
NaN,NaN,NaN
NaN,NaN,NaN
NaN,NaN,NaN
NaN,NaN,NaN
NaN,NaN,NaN
NaN,NaN,NaN
NaN,NaN,NaN
NaN,NaN,NaN
NaN,NaN,NaN
NaN,NaN,NaN
NaN,NaN,NaN
NaN,NaN,NaN
NaN,NaN,NaN
NaN,NaN,NaN
NaN,NaN,NaN
NaN,NaN,NaN
NaN,NaN,NaN
NaN,NaN,NaN
NaN,NaN,NaN
NaN,NaN,NaN
NaN,NaN,NaN
NaN,NaN,NaN
NaN,NaN,NaN
NaN,NaN,NaN
NaN,NaN,NaN
NaN,NaN,NaN
NaN,NaN,NaN
NaN,NaN,NaN
NaN,NaN,NaN
NaN,NaN,NaN
NaN,NaN,NaN
NaN,NaN,NaN
NaN,NaN,NaN
NaN,NaN,NaN
NaN,NaN,NaN
NaN,NaN,NaN
NaN,NaN,NaN
NaN,NaN,NaN
NaN,NaN,NaN
NaN,NaN,NaN
NaN,NaN,NaN
NaN,NaN,NaN
NaN,NaN,NaN
NaN,NaN,NaN
NaN,NaN,NaN
NaN,NaN,NaN
NaN,NaN,NaN
NaN,NaN,NaN
NaN,NaN,NaN
NaN,NaN,NaN
NaN,NaN,NaN
NaN,NaN,NaN
NaN,NaN,NaN
NaN,NaN,NaN
NaN,NaN,NaN
NaN,NaN,NaN
NaN,NaN,NaN
NaN,NaN,NaN
NaN,NaN,NaN
NaN,NaN,NaN
NaN,NaN,NaN
NaN,NaN,NaN
NaN,NaN,NaN
NaN,NaN,NaN
NaN,NaN,NaN
NaN,NaN,NaN
NaN,NaN,NaN
NaN,NaN,NaN
NaN,NaN,NaN
NaN,NaN,NaN
NaN,NaN,NaN
NaN,NaN,NaN
NaN,NaN,NaN
NaN,NaN,NaN
NaN,NaN,NaN
NaN,NaN,NaN
NaN,NaN,NaN
NaN,NaN,NaN
NaN,NaN,NaN
NaN,NaN,NaN
NaN,NaN,NaN
NaN,NaN,NaN
NaN,NaN,NaN
NaN,NaN,NaN
NaN,NaN,NaN
NaN,NaN,NaN
NaN,NaN,NaN
NaN,NaN,NaN
NaN,NaN,NaN
NaN,NaN,NaN
NaN,NaN,NaN
NaN,NaN,NaN
NaN,NaN,NaN
NaN,NaN,NaN
NaN,NaN,NaN
NaN,NaN,NaN
NaN,NaN,NaN
NaN,NaN,NaN
NaN,NaN,NaN
NaN,NaN,NaN
NaN,NaN,NaN
NaN,NaN,NaN
NaN,NaN,NaN
NaN,NaN,NaN
NaN,NaN,NaN
NaN,NaN,NaN
NaN,NaN,NaN
NaN,NaN,NaN
NaN,NaN,NaN
NaN,NaN,NaN
NaN,NaN,NaN
NaN,NaN,NaN
NaN,NaN,NaN
NaN,NaN,NaN
NaN,NaN,NaN
NaN,NaN,NaN
NaN,NaN,NaN
NaN,NaN,NaN
NaN,NaN,NaN
NaN,NaN,NaN
NaN,NaN,NaN
NaN,NaN,NaN
NaN,NaN,NaN
NaN,NaN,NaN
NaN,NaN,NaN
NaN,NaN,NaN
NaN,NaN,NaN
NaN,NaN,NaN
NaN,NaN,NaN
NaN,NaN,NaN
NaN,NaN,NaN
NaN,NaN,NaN
NaN,NaN,NaN
NaN,NaN,NaN
NaN,NaN,NaN
NaN,NaN,NaN
NaN,NaN,NaN
NaN,NaN,NaN
NaN,NaN,NaN
NaN,NaN,NaN
NaN,NaN,NaN
NaN,NaN,NaN
NaN,NaN,NaN
NaN,NaN,NaN
NaN,NaN,NaN
NaN,NaN,NaN
NaN,NaN,NaN
NaN,NaN,NaN
NaN,NaN,NaN
NaN,NaN,NaN
NaN,NaN,NaN
NaN,NaN,NaN
NaN,NaN,NaN
NaN,NaN,NaN
NaN,NaN,NaN
NaN,NaN,NaN
NaN,NaN,NaN
NaN,NaN,NaN
NaN,NaN,NaN
NaN,NaN,NaN
NaN,NaN,NaN
NaN,NaN,NaN
NaN,NaN,NaN
NaN,NaN,NaN
NaN,NaN,NaN
NaN,NaN,NaN
NaN,NaN,NaN
NaN,NaN,NaN
NaN,NaN,NaN
NaN,NaN,NaN
NaN,NaN,NaN
NaN,NaN,NaN
NaN,NaN,NaN
NaN,NaN,NaN
NaN,NaN,NaN
NaN,NaN,NaN
NaN,NaN,NaN
NaN,NaN,NaN
NaN,NaN,NaN
NaN,NaN,NaN
NaN,NaN,NaN
NaN,NaN,NaN
NaN,NaN,NaN
NaN,NaN,NaN
NaN,NaN,NaN
NaN,NaN,NaN
NaN,NaN,NaN
NaN,NaN,NaN
NaN,NaN,NaN
NaN,NaN,NaN
NaN,NaN,NaN
NaN,NaN,NaN
NaN,NaN,NaN
NaN,NaN,NaN
NaN,NaN,NaN
NaN,NaN,NaN
NaN,NaN,NaN
NaN,NaN,NaN
NaN,NaN,NaN
NaN,NaN,NaN
NaN,NaN,NaN
NaN,NaN,NaN
NaN,NaN,NaN
NaN,NaN,NaN
NaN,NaN,NaN
NaN,NaN,NaN
NaN,NaN,NaN
NaN,NaN,NaN
NaN,NaN,NaN
NaN,NaN,NaN
NaN,NaN,NaN
NaN,NaN,NaN
NaN,NaN,NaN
NaN,NaN,NaN
NaN,NaN,NaN
NaN,NaN,NaN
NaN,NaN,NaN
NaN,NaN,NaN
NaN,NaN,NaN
NaN,NaN,NaN
NaN,NaN,NaN
NaN,NaN,NaN
NaN,NaN,NaN
NaN,NaN,NaN
NaN,NaN,NaN
NaN,NaN,NaN
NaN,NaN,NaN
NaN,NaN,NaN
NaN,NaN,NaN
NaN,NaN,NaN
NaN,NaN,NaN
NaN,NaN,NaN
NaN,NaN,NaN
NaN,NaN,NaN
NaN,NaN,NaN
NaN,NaN,NaN
NaN,NaN,NaN
NaN,NaN,NaN
NaN,NaN,NaN
NaN,NaN,NaN
NaN,NaN,NaN
NaN,NaN,NaN
NaN,NaN,NaN
NaN,NaN,NaN
NaN,NaN,NaN
NaN,NaN,NaN
NaN,NaN,NaN
NaN,NaN,NaN
NaN,NaN,NaN
NaN,NaN,NaN
NaN,NaN,NaN
NaN,NaN,NaN
NaN,NaN,NaN
NaN,NaN,NaN
NaN,NaN,NaN
NaN,NaN,NaN
NaN,NaN,NaN
NaN,NaN,NaN
NaN,NaN,NaN
NaN,NaN,NaN
NaN,NaN,NaN
NaN,NaN,NaN
NaN,NaN,NaN
NaN,NaN,NaN
NaN,NaN,NaN
NaN,NaN,NaN
NaN,NaN,NaN
NaN,NaN,NaN
NaN,NaN,NaN
NaN,NaN,NaN
NaN,NaN,NaN
NaN,NaN,NaN
NaN,NaN,NaN
NaN,NaN,NaN
NaN,NaN,NaN
NaN,NaN,NaN
NaN,NaN,NaN
NaN,NaN,NaN
NaN,NaN,NaN
NaN,NaN,NaN
NaN,NaN,NaN
NaN,NaN,NaN
NaN,NaN,NaN
NaN,NaN,NaN
NaN,NaN,NaN
NaN,NaN,NaN
NaN,NaN,NaN
NaN,NaN,NaN
NaN,NaN,NaN
NaN,NaN,NaN
NaN,NaN,NaN
NaN,NaN,NaN
NaN,NaN,NaN
NaN,NaN,NaN
NaN,NaN,NaN
NaN,NaN,NaN
NaN,NaN,NaN
NaN,NaN,NaN
NaN,NaN,NaN
NaN,NaN,NaN
NaN,NaN,NaN
NaN,NaN,NaN
NaN,NaN,NaN
NaN,NaN,NaN
NaN,NaN,NaN
NaN,NaN,NaN
NaN,NaN,NaN
NaN,NaN,NaN
NaN,NaN,NaN
NaN,NaN,NaN
NaN,NaN,NaN
NaN,NaN,NaN
NaN,NaN,NaN
NaN,NaN,NaN
NaN,NaN,NaN
NaN,NaN,NaN
NaN,NaN,NaN
NaN,NaN,NaN
NaN,NaN,NaN
NaN,NaN,NaN
NaN,NaN,NaN
NaN,NaN,NaN
NaN,NaN,NaN
NaN,NaN,NaN
NaN,NaN,NaN
NaN,NaN,NaN
NaN,NaN,NaN
NaN,NaN,NaN
NaN,NaN,NaN
NaN,NaN,NaN
NaN,NaN,NaN
NaN,NaN,NaN
NaN,NaN,NaN
NaN,NaN,NaN
NaN,NaN,NaN
NaN,NaN,NaN
NaN,NaN,NaN
NaN,NaN,NaN
NaN,NaN,NaN
NaN,NaN,NaN
NaN,NaN,NaN
NaN,NaN,NaN
NaN,NaN,NaN
NaN,NaN,NaN
NaN,NaN,NaN
NaN,NaN,NaN
NaN,NaN,NaN
NaN,NaN,NaN
NaN,NaN,NaN
NaN,NaN,NaN
NaN,NaN,NaN
NaN,NaN,NaN
NaN,NaN,NaN
NaN,NaN,NaN
NaN,NaN,NaN
NaN,NaN,NaN
NaN,NaN,NaN
NaN,NaN,NaN
NaN,NaN,NaN
NaN,NaN,NaN
NaN,NaN,NaN
NaN,NaN,NaN
NaN,NaN,NaN
NaN,NaN,NaN
NaN,NaN,NaN
NaN,NaN,NaN
NaN,NaN,NaN
NaN,NaN,NaN
NaN,NaN,NaN
NaN,NaN,NaN
NaN,NaN,NaN
NaN,NaN,NaN
NaN,NaN,NaN
NaN,NaN,NaN
NaN,NaN,NaN
NaN,NaN,NaN
NaN,NaN,NaN
NaN,NaN,NaN
NaN,NaN,NaN
NaN,NaN,NaN
NaN,NaN,NaN
NaN,NaN,NaN
NaN,NaN,NaN
NaN,NaN,NaN
NaN,NaN,NaN
NaN,NaN,NaN
NaN,NaN,NaN
NaN,NaN,NaN
NaN,NaN,NaN
NaN,NaN,NaN
NaN,NaN,NaN
NaN,NaN,NaN
NaN,NaN,NaN
NaN,NaN,NaN
NaN,NaN,NaN
NaN,NaN,NaN
NaN,NaN,NaN
NaN,NaN,NaN
NaN,NaN,NaN
NaN,NaN,NaN
NaN,NaN,NaN
NaN,NaN,NaN
NaN,NaN,NaN
NaN,NaN,NaN
NaN,NaN,NaN
NaN,NaN,NaN
NaN,NaN,NaN
NaN,NaN,NaN
NaN,NaN,NaN
NaN,NaN,NaN
NaN,NaN,NaN
NaN,NaN,NaN
NaN,NaN,NaN
NaN,NaN,NaN
NaN,NaN,NaN
NaN,NaN,NaN
NaN,NaN,NaN
NaN,NaN,NaN
NaN,NaN,NaN
NaN,NaN,NaN
NaN,NaN,NaN
NaN,NaN,NaN
NaN,NaN,NaN
NaN,NaN,NaN
NaN,NaN,NaN
NaN,NaN,NaN
NaN,NaN,NaN
NaN,NaN,NaN
NaN,NaN,NaN
NaN,NaN,NaN
NaN,NaN,NaN
NaN,NaN,NaN
NaN,NaN,NaN
NaN,NaN,NaN
NaN,NaN,NaN
NaN,NaN,NaN
NaN,NaN,NaN
NaN,NaN,NaN
NaN,NaN,NaN
NaN,NaN,NaN
NaN,NaN,NaN
NaN,NaN,NaN
NaN,NaN,NaN
NaN,NaN,NaN
NaN,NaN,NaN
NaN,NaN,NaN
NaN,NaN,NaN
NaN,NaN,NaN
NaN,NaN,NaN
NaN,NaN,NaN
NaN,NaN,NaN
NaN,NaN,NaN
NaN,NaN,NaN
NaN,NaN,NaN
NaN,NaN,NaN
NaN,NaN,NaN
NaN,NaN,NaN
NaN,NaN,NaN
NaN,NaN,NaN
NaN,NaN,NaN
NaN,NaN,NaN
NaN,NaN,NaN
NaN,NaN,NaN
NaN,NaN,NaN
NaN,NaN,NaN
NaN,NaN,NaN
NaN,NaN,NaN
NaN,NaN,NaN
NaN,NaN,NaN
NaN,NaN,NaN
NaN,NaN,NaN
NaN,NaN,NaN
NaN,NaN,NaN
NaN,NaN,NaN
NaN,NaN,NaN
NaN,NaN,NaN
NaN,NaN,NaN
NaN,NaN,NaN
NaN,NaN,NaN
NaN,NaN,NaN
NaN,NaN,NaN
NaN,NaN,NaN
NaN,NaN,NaN
NaN,NaN,NaN
NaN,NaN,NaN
NaN,NaN,NaN
NaN,NaN,NaN
NaN,NaN,NaN
NaN,NaN,NaN
NaN,NaN,NaN
NaN,NaN,NaN
8.75370684435691,-3.6997040477230128,-0.9306270782551583
8.599475997702433,-3.613465880666922,-0.938638048775562
8.461282050750107,-3.5083715444122707,-0.9603911743064498
8.300308542756111,-3.4315939785825305,-0.9469271618670289
8.182669443917703,-3.3574547887521042,-0.9594030511618731
8.03002741223861,-3.292062257772992,-0.953547037407447
7.8859292522150035,-3.1717205782110036,-0.9745255757026439
7.734205261145771,-3.126728900857729,-0.981451889992571
7.654798647024657,-2.998570137044426,-0.9497951633018908
7.539470984851483,-2.919120146813028,-0.9392486730024083
NaN,NaN,NaN
7.2627452630749625,-2.708156173203858,-0.9087053248877582
7.156827463454372,-2.6192846471574938,-0.8895084419143467
NaN,NaN,NaN
6.914168056935489,-2.4389235378913514,-0.8676396412518103
6.778774209947043,-2.3552438882855813,-0.8378129988374128
6.6597398468585265,-2.2692801619227163,-0.8339015562909781
NaN,NaN,NaN
6.42315008603621,-2.0598081237630352,-0.8190985621912578
6.330212211235148,-1.940992375615075,-0.7963119335397091
6.26345731913055,-1.8283593242897598,-0.77239685128442
6.165427145096565,-1.682323716014552,-0.7791262373214829
6.0629033578401765,-1.5665762817411222,-0.7783039337901899
5.996810403566332,-1.451210645557177,-0.7744585793230561
NaN,NaN,NaN
5.792735538839285,-1.210257494780469,-0.7475979961300789
5.6939628792062305,-1.0917801416100281,-0.7266623511324294
NaN,NaN,NaN
NaN,NaN,NaN
5.4273522176713165,-0.7631761106963071,-0.6906533360826929
5.323091941246838,-0.6709333321596574,-0.6752938818780507
NaN,NaN,NaN
NaN,NaN,NaN
5.065978522278242,-0.33799238358171296,-0.6628203257833346
4.9524861737424,-0.25245420382111433,-0.6473517825934963
4.902216196397866,-0.13357344145597871,-0.6104137163623737
NaN,NaN,NaN
NaN,NaN,NaN
4.634033224295716,0.2003445777826632,-0.5493935295617445
4.558723703664015,0.27405991285704734,-0.5114079660149512
NaN,NaN,NaN
4.405005423190037,0.477554163673839,-0.42464466436130327
4.314826644269761,0.6024553586164972,-0.37135387857770363
4.266309071171132,0.7003447028452728,-0.3246518994596099
4.219271985988345,0.804937189883339,-0.27566122605238746
4.12952484308747,0.9464251102844634,-0.22322353966706934
4.0657517788808635,1.070471574935684,-0.18328165506262933
4.024020743943446,1.174103545935013,-0.1462250859729114
3.9822759415658786,1.278383285449118,-0.0860116235542493
NaN,NaN,NaN
3.8940414565654597,1.575266933500207,0.022074070403731025
3.8715773812824534,1.736118056085129,0.08799506291376154
3.8509929663605633,1.834391035814201,0.1459417392906533
3.846611696098609,1.8422336801639978,0.21909041005602506
3.7938251566961756,2.121074331262798,0.2961736198333091
3.796124713212925,2.1485311052591465,0.3314307309058989
3.7633595270991265,2.277118235364561,0.41088190041926576
3.7448850249340215,2.4031515998725057,0.4737605120014381
3.716896717066428,2.5676685995143753,0.5429857770844253
3.7144913184863717,2.6873742432274272,0.6144480824090224
3.7019418871176493,2.8206502425060855,0.655854624316556
3.6769653363863695,2.9679365027066043,0.7289205157368942
3.6674766285808897,3.0796907415107637,0.7909150102217013
3.671735625445335,3.221679630422553,0.8601777707912727
3.661072326086993,3.338240390261295,0.9367353137439915
3.6472971353038295,3.498169837365147,0.9954105929838356
3.6623942098941313,3.637832369681323,1.0485908112018796
NaN,NaN,NaN
NaN,NaN,NaN
3.8338777128947887,3.974003518008275,1.0870040435313357
3.855161198307566,4.0463912187791475,1.0880853102390038
3.87534723910913,4.149517344447542,1.0831293402436346
3.9125711463807638,4.225614724701071,1.0811048382384074
3.924790468664808,4.220570111352335,1.0787911470628975
3.974408802388799,4.347166825178858,1.076598847226286
3.965496816705849,4.327172782145774,1.0870124835188113
3.9981834508415317,4.37066943588726,1.08625626862073
4.024166539298937,4.408380651923098,1.0941350362315407
4.051894882958113,4.370302341324596,1.0821735336460856
4.074460240912961,4.411826993855255,1.0797894997949922
4.094933851155036,4.430441133004035,1.0868527962457468
4.114325620844441,4.449604899328801,1.0805990351779549
NaN,NaN,NaN
NaN,NaN,NaN
NaN,NaN,NaN
NaN,NaN,NaN
NaN,NaN,NaN
NaN,NaN,NaN
NaN,NaN,NaN
NaN,NaN,NaN
NaN,NaN,NaN
NaN,NaN,NaN
NaN,NaN,NaN
NaN,NaN,NaN
NaN,NaN,NaN
NaN,NaN,NaN
NaN,NaN,NaN
NaN,NaN,NaN
NaN,NaN,NaN
NaN,NaN,NaN
NaN,NaN,NaN
NaN,NaN,NaN
NaN,NaN,NaN
NaN,NaN,NaN
NaN,NaN,NaN
NaN,NaN,NaN
NaN,NaN,NaN
NaN,NaN,NaN
NaN,NaN,NaN
NaN,NaN,NaN
NaN,NaN,NaN
NaN,NaN,NaN
NaN,NaN,NaN
NaN,NaN,NaN
NaN,NaN,NaN
NaN,NaN,NaN
NaN,NaN,NaN
NaN,NaN,NaN
NaN,NaN,NaN
NaN,NaN,NaN
NaN,NaN,NaN
NaN,NaN,NaN
NaN,NaN,NaN
NaN,NaN,NaN
NaN,NaN,NaN
NaN,NaN,NaN
NaN,NaN,NaN
NaN,NaN,NaN
NaN,NaN,NaN
NaN,NaN,NaN
NaN,NaN,NaN
NaN,NaN,NaN
NaN,NaN,NaN
NaN,NaN,NaN
NaN,NaN,NaN
NaN,NaN,NaN
NaN,NaN,NaN
NaN,NaN,NaN
NaN,NaN,NaN
NaN,NaN,NaN
NaN,NaN,NaN
NaN,NaN,NaN
NaN,NaN,NaN
NaN,NaN,NaN
NaN,NaN,NaN
NaN,NaN,NaN
NaN,NaN,NaN
NaN,NaN,NaN
NaN,NaN,NaN
NaN,NaN,NaN
NaN,NaN,NaN
NaN,NaN,NaN
NaN,NaN,NaN
NaN,NaN,NaN
NaN,NaN,NaN
NaN,NaN,NaN
NaN,NaN,NaN
NaN,NaN,NaN
NaN,NaN,NaN
NaN,NaN,NaN
NaN,NaN,NaN
NaN,NaN,NaN
NaN,NaN,NaN
NaN,NaN,NaN
NaN,NaN,NaN
NaN,NaN,NaN
NaN,NaN,NaN
NaN,NaN,NaN
NaN,NaN,NaN
NaN,NaN,NaN
NaN,NaN,NaN
NaN,NaN,NaN
NaN,NaN,NaN
NaN,NaN,NaN
NaN,NaN,NaN
NaN,NaN,NaN
NaN,NaN,NaN
NaN,NaN,NaN
NaN,NaN,NaN
NaN,NaN,NaN
NaN,NaN,NaN
NaN,NaN,NaN
NaN,NaN,NaN
NaN,NaN,NaN
NaN,NaN,NaN
NaN,NaN,NaN
NaN,NaN,NaN
NaN,NaN,NaN
NaN,NaN,NaN
NaN,NaN,NaN
NaN,NaN,NaN
NaN,NaN,NaN
NaN,NaN,NaN
NaN,NaN,NaN
NaN,NaN,NaN
NaN,NaN,NaN
NaN,NaN,NaN
NaN,NaN,NaN
NaN,NaN,NaN
NaN,NaN,NaN
NaN,NaN,NaN
NaN,NaN,NaN
NaN,NaN,NaN
NaN,NaN,NaN
NaN,NaN,NaN
NaN,NaN,NaN
NaN,NaN,NaN
NaN,NaN,NaN
NaN,NaN,NaN
NaN,NaN,NaN
NaN,NaN,NaN
NaN,NaN,NaN
NaN,NaN,NaN
NaN,NaN,NaN
NaN,NaN,NaN
NaN,NaN,NaN
NaN,NaN,NaN
NaN,NaN,NaN
NaN,NaN,NaN
NaN,NaN,NaN
NaN,NaN,NaN
NaN,NaN,NaN
NaN,NaN,NaN
NaN,NaN,NaN
NaN,NaN,NaN
NaN,NaN,NaN
NaN,NaN,NaN
NaN,NaN,NaN
NaN,NaN,NaN
NaN,NaN,NaN
NaN,NaN,NaN
NaN,NaN,NaN
NaN,NaN,NaN
NaN,NaN,NaN
NaN,NaN,NaN
NaN,NaN,NaN
NaN,NaN,NaN
NaN,NaN,NaN
NaN,NaN,NaN
NaN,NaN,NaN
NaN,NaN,NaN
NaN,NaN,NaN
NaN,NaN,NaN
NaN,NaN,NaN
NaN,NaN,NaN
NaN,NaN,NaN
NaN,NaN,NaN
NaN,NaN,NaN
NaN,NaN,NaN
NaN,NaN,NaN
NaN,NaN,NaN
NaN,NaN,NaN
NaN,NaN,NaN
NaN,NaN,NaN
NaN,NaN,NaN
NaN,NaN,NaN
NaN,NaN,NaN
NaN,NaN,NaN
NaN,NaN,NaN
NaN,NaN,NaN
NaN,NaN,NaN
NaN,NaN,NaN
NaN,NaN,NaN
NaN,NaN,NaN
NaN,NaN,NaN
NaN,NaN,NaN
NaN,NaN,NaN
NaN,NaN,NaN
NaN,NaN,NaN
NaN,NaN,NaN
NaN,NaN,NaN
NaN,NaN,NaN
NaN,NaN,NaN
NaN,NaN,NaN
NaN,NaN,NaN
NaN,NaN,NaN
NaN,NaN,NaN
NaN,NaN,NaN
NaN,NaN,NaN
NaN,NaN,NaN
NaN,NaN,NaN
NaN,NaN,NaN
NaN,NaN,NaN
NaN,NaN,NaN
NaN,NaN,NaN
NaN,NaN,NaN
NaN,NaN,NaN
NaN,NaN,NaN
NaN,NaN,NaN
NaN,NaN,NaN
NaN,NaN,NaN
NaN,NaN,NaN
NaN,NaN,NaN
NaN,NaN,NaN
NaN,NaN,NaN
NaN,NaN,NaN
NaN,NaN,NaN
NaN,NaN,NaN
NaN,NaN,NaN
NaN,NaN,NaN
NaN,NaN,NaN
NaN,NaN,NaN
NaN,NaN,NaN
NaN,NaN,NaN
NaN,NaN,NaN
NaN,NaN,NaN
NaN,NaN,NaN
NaN,NaN,NaN
NaN,NaN,NaN
NaN,NaN,NaN
NaN,NaN,NaN
NaN,NaN,NaN
NaN,NaN,NaN
NaN,NaN,NaN
NaN,NaN,NaN
NaN,NaN,NaN
NaN,NaN,NaN
NaN,NaN,NaN
NaN,NaN,NaN
NaN,NaN,NaN
NaN,NaN,NaN
NaN,NaN,NaN
NaN,NaN,NaN
NaN,NaN,NaN
NaN,NaN,NaN
NaN,NaN,NaN
NaN,NaN,NaN
NaN,NaN,NaN
NaN,NaN,NaN
NaN,NaN,NaN
NaN,NaN,NaN
NaN,NaN,NaN
NaN,NaN,NaN
NaN,NaN,NaN
NaN,NaN,NaN
NaN,NaN,NaN
NaN,NaN,NaN
NaN,NaN,NaN
NaN,NaN,NaN
NaN,NaN,NaN
NaN,NaN,NaN
NaN,NaN,NaN
NaN,NaN,NaN
NaN,NaN,NaN
NaN,NaN,NaN
NaN,NaN,NaN
NaN,NaN,NaN
NaN,NaN,NaN
NaN,NaN,NaN
NaN,NaN,NaN
NaN,NaN,NaN
NaN,NaN,NaN
NaN,NaN,NaN
NaN,NaN,NaN
NaN,NaN,NaN
NaN,NaN,NaN
NaN,NaN,NaN
NaN,NaN,NaN
NaN,NaN,NaN
NaN,NaN,NaN
NaN,NaN,NaN
NaN,NaN,NaN
NaN,NaN,NaN
NaN,NaN,NaN
NaN,NaN,NaN
NaN,NaN,NaN
NaN,NaN,NaN
NaN,NaN,NaN
NaN,NaN,NaN
NaN,NaN,NaN
NaN,NaN,NaN
NaN,NaN,NaN
NaN,NaN,NaN
NaN,NaN,NaN
NaN,NaN,NaN
NaN,NaN,NaN
NaN,NaN,NaN
NaN,NaN,NaN
NaN,NaN,NaN
NaN,NaN,NaN
NaN,NaN,NaN
